Zoho Commerce,customer,USER  
Zoho Commerce,SSL certificates,PLATFORM  
Zoho Commerce,button,HARDWARE
Zoho Commerce,```
Zoho Commerce,Zoho,PLATFORM
Zoho Commerce,domain,CORE
Zoho Commerce,domains,CORE
Zoho Commerce,```
Zoho Commerce,```
Zoho Commerce,website,CORE
Zoho Commerce,Zoho,PLATFORM
Zoho Commerce,bandwidth,CORE
Zoho Commerce,file storage,CORE
Zoho Commerce,business requirement,CORE
Zoho Commerce,```
Zoho Commerce,Zoho Commerce,PLATFORM  
Zoho Commerce,customers,USER
Zoho Commerce,Zoho Commerce,PLATFORM
Zoho Commerce,I'm sorry, but there are no entities in the given sentence that fit the specified categories of CORE, USER, HARDWARE, or PLATFORM.
Zoho Commerce,```
Zoho Commerce,icons,CORE
Zoho Commerce,columns,CORE
Zoho Commerce,banners,CORE
Zoho Commerce,storefront,CORE
Zoho Commerce,```
Zoho Commerce,```
Zoho Commerce,business,CORE
Zoho Commerce,website,CORE
Zoho Commerce,```
Zoho Commerce,photosets,CORE  
Zoho Commerce,images,CORE  
Zoho Commerce,captions,CORE  
Zoho Commerce,theme,CORE
Zoho Commerce,```
Zoho Commerce,forms,CORE
Zoho Commerce,storefront,CORE
Zoho Commerce,button,HARDWARE
Zoho Commerce,audience,USER
Zoho Commerce,name,CORE
Zoho Commerce,email,CORE
Zoho Commerce,fields,CORE
Zoho Commerce,page,CORE
Zoho Commerce,submission,CORE
Zoho Commerce,```
Zoho Commerce,```
Zoho Commerce,store,CORE
Zoho Commerce,menu items,CORE
Zoho Commerce,pages,CORE
Zoho Commerce,links,CORE
Zoho Commerce,products,CORE
Zoho Commerce,categories,CORE
Zoho Commerce,collections,CORE
Zoho Commerce,menus,CORE
Zoho Commerce,drag-and-drop,CORE
Zoho Commerce,```
Zoho Commerce,```
Zoho Commerce,storefront,CORE
Zoho Commerce,```
Zoho Commerce,```
Zoho Commerce,header,CORE
Zoho Commerce,logo,CORE
Zoho Commerce,navigation bar,CORE
Zoho Commerce,customers,USER
Zoho Commerce,```
Zoho Commerce,```
Zoho Commerce,home page,CORE
Zoho Commerce,```
Zoho Commerce,Visual Editor,CORE
Zoho Commerce,customers,USER
Zoho Commerce,checkout,CORE
Zoho Commerce,```
Zoho Commerce,currency conversion,CORE
Zoho Commerce,ecommerce store,CORE
Zoho Commerce,product pricing,CORE
Zoho Commerce,```
Zoho Commerce,product title,CORE  
Zoho Commerce,description,CORE  
Zoho Commerce,SKU,CORE  
Zoho Commerce,variants,CORE  
Zoho Commerce,attributes,CORE  
Zoho Commerce,prices,CORE  
Zoho Commerce,inventory,CORE  
Zoho Commerce,```
Zoho Commerce,store,CORE
Zoho Commerce,```
Zoho Commerce,```
Zoho Commerce,CSV,CORE
Zoho Commerce,XLS,CORE
Zoho Commerce,```
Zoho Commerce,```
Zoho Commerce,product,CORE
Zoho Commerce,specs,CORE
Zoho Commerce,specification,CORE
Zoho Commerce,groups,CORE
Zoho Commerce,specification fields,CORE
Zoho Commerce,```
Zoho Commerce,```
Zoho Commerce,Clone,CORE
Zoho Commerce,product,CORE
Zoho Commerce,Batch number,CORE
Zoho Commerce,quantity,CORE
Zoho Commerce,SKU,CORE
Zoho Commerce,composite products,CORE
Zoho Commerce,```
Zoho Commerce,```
Zoho Commerce,product,CORE
Zoho Commerce,business,USER
Zoho Commerce,products,CORE
Zoho Commerce,```
Zoho Commerce,Easily migrate products from an external system to quickly start taking orders and bring in revenue.
Zoho Commerce,
Zoho Commerce,system,CORE
Zoho Commerce,category,CORE  
Zoho Commerce,SEO title,CORE  
Zoho Commerce,keywords,CORE  
Zoho Commerce,description,CORE  
Zoho Commerce,banner,CORE  
Zoho Commerce,store,CORE  
Zoho Commerce,menu,CORE  
Zoho Commerce,category,CORE  
Zoho Commerce,base category,CORE  
Zoho Commerce,hierarchy,CORE  
Zoho Commerce,categories,CORE  
Zoho Commerce,products,CORE  
Zoho Commerce,customers,USER  
Zoho Commerce,```
Zoho Commerce,collection,CORE
Zoho Commerce,product,CORE
Zoho Commerce,title,CORE
Zoho Commerce,price,CORE
Zoho Commerce,brand,CORE
Zoho Commerce,tags,CORE
Zoho Commerce,```
Zoho Commerce,```
Zoho Commerce,shipping,CORE
Zoho Commerce,carriers,CORE
Zoho Commerce,shipping,CORE
Zoho Commerce,zones,CORE
Zoho Commerce,customers,USER
Zoho Commerce,```
Zoho Commerce,```
Zoho Commerce,payment,CORE
Zoho Commerce,AI,PLATFORM
Zoho Commerce,```
Zoho Commerce,```
Zoho Commerce,ecommerce store,CORE
Zoho Commerce,Zoho Books,PLATFORM
Zoho Commerce,transactions,CORE
Zoho Commerce,taxes,CORE
Zoho Commerce,returns,CORE
Zoho Commerce,tax calculations,CORE
Zoho Commerce,accounting,CORE
Zoho Commerce,```
Zoho Commerce,```
Zoho Commerce,ecommerce,CORE
Zoho Commerce,customers,USER
Zoho Commerce,order status,CORE
Zoho Commerce,order details,CORE
Zoho Commerce,shipping address,CORE
Zoho Commerce,```
Zoho Commerce,customers,USER
Zoho Commerce,storefront,CORE  
Zoho Commerce,members,USER  
Zoho Commerce,ecommerce store,CORE  
Zoho Commerce,products,CORE
Zoho Commerce,Admins,USER  
Zoho Commerce,store owner,USER  
Zoho Commerce,store,CORE  
Zoho Commerce,user permissions,CORE
Zoho Commerce,```
Zoho Commerce,users,USER
Zoho Commerce,staff,USER
Zoho Commerce,ecommerce,CORE
Zoho Commerce,orders,CORE
Zoho Commerce,collections,CORE
Zoho Commerce,shipping,CORE
Zoho Commerce,```
Zoho Commerce,```
Zoho Commerce,Authors,USER
Zoho Commerce,admins,USER
Zoho Commerce,pages,CORE
Zoho Commerce,```
Zoho Commerce,```
Zoho Commerce,Developers,USER
Zoho Commerce,admin,USER
Zoho Commerce,```
Zoho Commerce,```
Zoho Commerce,Guests,USER
Zoho Commerce,author,USER
Zoho Commerce,```
Zoho Commerce,```
Zoho Commerce,product,CORE
Zoho Commerce,```
Zoho Commerce,```
Zoho Commerce,customers,USER
Zoho Commerce,```
Zoho Commerce,```
Zoho Commerce,inventory,CORE
Zoho Commerce,```
Zoho Commerce,ecommerce store,CORE  
Zoho Commerce,search engines,PLATFORM  
Zoho Commerce,Robots.text file,CORE
Zoho Commerce,Google Tag Manager,PLATFORM  
Zoho Commerce,IT team,USER  
Zoho Commerce,Javascript,CORE
Zoho Commerce,Microsoft Bing,PLATFORM  
Zoho Commerce,HTML,CORE  
Zoho Commerce,meta tag,CORE  
Zoho Commerce,```
Zoho Commerce,URL,CORE
Zoho Commerce,301 redirect,CORE
Zoho Commerce,customers,USER
Zoho Commerce,```
Zoho Commerce,```
Zoho Commerce,store,CORE
Zoho Commerce,search engines,PLATFORM
Zoho Commerce,sitemap XML file,CORE
Zoho Commerce,```
Zoho Commerce,Facebook,PLATFORM  
Zoho Commerce,Zoho Commerce,PLATFORM  
Zoho Commerce,inventory,CORE  
Zoho Commerce,orders,CORE  
Zoho Commerce,Facebook,PLATFORM
Zoho Commerce,```
Zoho Commerce,Instagram,PLATFORM
Zoho Commerce,store,CORE
Zoho Commerce,inventory,CORE
Zoho Commerce,shop,CORE
Zoho Commerce,products,CORE
Zoho Commerce,explore,CORE
Zoho Commerce,```
Zoho Commerce,```
Zoho Commerce,shoppers,USER
Zoho Commerce,products,CORE
Zoho Commerce,Google Search,PLATFORM
Zoho Commerce,Google Images,PLATFORM
Zoho Commerce,Google Shopping,PLATFORM
Zoho Commerce,Google Lens,PLATFORM
Zoho Commerce,Zoho Commerce,PLATFORM
Zoho Commerce,Google Merchant Center,PLATFORM
Zoho Commerce,```
Zoho Commerce,```
Zoho Commerce,customers,USER
Zoho Commerce,ecommerce store,CORE
Zoho Commerce,products,CORE
Zoho Commerce,customers,USER
Zoho Commerce,```
Zoho Commerce,```
Zoho Commerce,```
Zoho Commerce,```
Zoho Commerce,Zia,PLATFORM
Zoho Commerce,customers,USER
Zoho Commerce,customers,USER
Zoho Commerce,store,CORE
Zoho Commerce,```
Zoho Commerce,```
Zoho Commerce,ecommerce store,CORE
Zoho Commerce,product,CORE
Zoho Commerce,cart,CORE
Zoho Commerce,purchase,CORE
Zoho Commerce,```
Zoho Commerce,```plaintext
Zoho Commerce,stock,CORE
Zoho Commerce,quantity,CORE
Zoho Commerce,product,CORE
Zoho Commerce,```
Zoho Commerce,order confirmation email,CORE  
Zoho Commerce,customers,USER  
Zoho Commerce,order number,CORE  
Zoho Commerce,order date,CORE  
Zoho Commerce,shipping address,CORE  
Zoho Commerce,orders,CORE  
Zoho Commerce,```
Zoho Commerce,coupons,CORE
Zoho Commerce,business,USER
Zoho Commerce,coupons,CORE
Zoho Commerce,customers,USER
Zoho Commerce,orders,CORE
Zoho Commerce,collections,CORE
Zoho Commerce,```
Zoho Commerce,```
Zoho Commerce,discount,CORE
Zoho Commerce,product,CORE
Zoho Commerce,```
Zoho Commerce,```
Zoho Commerce,coupons,CORE
Zoho Commerce,customer,USER
Zoho Commerce,```
Zoho Commerce,```
Zoho Commerce,customers,USER
Zoho Commerce,```
Zoho Commerce,```
Zoho Commerce,customers,USER
Zoho Commerce,Buy Now Button,CORE
Zoho Commerce,```
Zoho Commerce,Buy Now,CORE  
Zoho Commerce,button,CORE  
Zoho Commerce,product,CORE  
Zoho Commerce,image,CORE
Zoho Commerce,```
Zoho Commerce,reviews,CORE
Zoho Commerce,page,CORE
Zoho Commerce,customers,USER
Zoho Commerce,website,CORE
Zoho Commerce,CAPTCHA,PLATFORM
Zoho Commerce,```
Zoho Commerce,```
Zoho Commerce,reviews,CORE
Zoho Commerce,parameters,CORE
Zoho Commerce,customers,USER
Zoho Commerce,```
Zoho Commerce,```
Zoho Commerce,Approve,CORE
Zoho Commerce,Inappropriate,CORE
Zoho Commerce,Spam,CORE
Zoho Commerce,Not Spam,CORE
Zoho Commerce,Trash,CORE
Zoho Commerce,Restore,CORE
Zoho Commerce,```
Softeng POS,```
Softeng POS,system,CORE
Softeng POS,user,USER
Softeng POS,```
Softeng POS,```
Softeng POS,system,CORE
Softeng POS,backend catalogue,CORE
Softeng POS,```
Softeng POS,```
Softeng POS,system,CORE
Softeng POS,backend catalogue system,CORE
Softeng POS,```
Softeng POS,```
Softeng POS,system,CORE
Softeng POS,product,CORE
Softeng POS,user,USER
Softeng POS,backend system,CORE
Softeng POS,```
Softeng POS,system,CORE  
Softeng POS,user,USER
Softeng POS,```
Softeng POS,system,CORE
Softeng POS,user,USER
Softeng POS,```
Softeng POS,```
Softeng POS,system,CORE
Softeng POS,backend,CORE
Softeng POS,```
Softeng POS,```
Softeng POS,system,CORE
Softeng POS,```
Softeng POS,```
Softeng POS,system,CORE
Softeng POS,```
Softeng POS,```
Softeng POS,system,CORE
Softeng POS,backend,CORE
Softeng POS,inventory,CORE
Softeng POS,sale,CORE
Softeng POS,Product,CORE
Softeng POS,```
Softeng POS,system,CORE
Softeng POS,```
Softeng POS,system,CORE
Softeng POS,```
Softeng POS,```
Softeng POS,system,CORE
Softeng POS,user,USER
Softeng POS,customer,USER
Softeng POS,```
Softeng POS,```
Softeng POS,system,CORE
Softeng POS,```
Softeng POS,payment,CORE  
Softeng POS,system,CORE  
Softeng POS,cash,CORE
Softeng POS,system,CORE  
Softeng POS,register,CORE  
Softeng POS,point-of-sale system,CORE  
Softeng POS,system,CORE  
Softeng POS,payment,CORE  
Softeng POS,payment,CORE  
Softeng POS,system,CORE  
Softeng POS,register,CORE  
Softeng POS,```
Softeng POS,system,CORE
Softeng POS,user,USER
Softeng POS,barcode,HARDWARE
Softeng POS,coupon,CORE
Softeng POS,coupon ID,CORE
Softeng POS,promotion ID,CORE
Softeng POS,product ID,CORE
Softeng POS,```
Softeng POS,```
Softeng POS,system,CORE
Softeng POS,coupon ID,CORE
Softeng POS,promotion,CORE
Softeng POS,system,CORE
Softeng POS,```
Softeng POS,```
Softeng POS,system,CORE
Softeng POS,```
Softeng POS,```
Softeng POS,system,CORE
Softeng POS,```
Softeng POS,```
Softeng POS,system,CORE
Softeng POS,```
Softeng POS,```
Softeng POS,system,CORE
Softeng POS,```
Softeng POS,system,CORE
Softeng POS,```
Softeng POS,system,CORE
Softeng POS,interface,CORE
Softeng POS,transaction,CORE
Softeng POS,```
SMS,```
SMS,system,CORE
SMS,Sales Assistant,USER
SMS,```
SMS,```
SMS,system,CORE
SMS,Sales Assistant,USER
SMS,```
SMS,```
SMS,system,CORE
SMS,Sales Assistant,USER
SMS,```
SMS,```
SMS,system,CORE
SMS,Sales Assistant,USER
SMS,```
SMS,```
SMS,system,CORE
SMS,```
SMS,```
SMS,system,CORE
SMS,```
SMS,```
SMS,system,CORE
SMS,```
SMS,```
SMS,system,CORE
SMS,Sales Assistant,USER
SMS,```
SMS,```
SMS,system,CORE
SMS,```
SMS,```
SMS,system,CORE
SMS,Sales Assistant,USER
SMS,```
SMS,```
SMS,system,CORE
SMS,Sales Assistant,USER
SMS,```
SMS,```
SMS,system,CORE
SMS,Sales Assistant,USER
SMS,```
SMS,```
SMS,system,CORE
SMS,```
SMS,```
SMS,system,CORE
SMS,```
SMS,```
SMS,system,CORE
SMS,Sales Assistant,USER
SMS,```
SMS,```
SMS,system,CORE
SMS,Sales Assistant,USER
SMS,```
SMS,```
SMS,system,CORE
SMS,Sales Assistant,USER
SMS,```
SMS,```
SMS,system,CORE
SMS,Sales Assistant,USER
SMS,```
SMS,```
SMS,system,CORE
SMS,Sales Assistant,USER
SMS,```
SMS,```
SMS,system,CORE
SMS,Sales Assistant,USER
SMS,```
SMS,```
SMS,system,CORE
SMS,```
SMS,```
SMS,system,CORE
SMS,```
SMS,```
SMS,system,CORE
SMS,```
SMS,```
SMS,system,CORE
SMS,Sales Assistant,USER
SMS,```
SMS,```
SMS,system,CORE
SMS,```
SMS,```
SMS,system,CORE
SMS,Sales Assistant,USER
SMS,```
SMS,```
SMS,system,CORE
SMS,```
SMS,```
SMS,system,CORE
SMS,Sales Assistant,USER
SMS,```
SMS,```
SMS,system,CORE
SMS,Sales Assistant,USER
SMS,```
SMS,```
SMS,system,CORE
SMS,```
SMS,```
SMS,system,CORE
SMS,Sales Assistant,USER
SMS,```
SMS,```
SMS,system,CORE
SMS,Sales Assistant,USER
SMS,```
SMS,```
SMS,system,CORE
SMS,```
SMS,```
SMS,system,CORE
SMS,```
SMS,```
SMS,system,CORE
SMS,Sales Assistant,USER
SMS,```
SMS,system,CORE  
SMS,Sales Assistant,USER
SMS,```
SMS,system,CORE
SMS,Sales Assistant,USER
SMS,customer,USER
SMS,```
SMS,```
SMS,system,CORE
SMS,Sales Assistant,USER
SMS,customer,USER
SMS,```
SMS,```
SMS,system,CORE
SMS,Sales Assistant,USER
SMS,customer,USER
SMS,```
SMS,```
SMS,system,CORE
SMS,Sales Assistant,USER
SMS,customer,USER
SMS,```
SMS,```
SMS,system,CORE
SMS,customer,USER
SMS,```
SMS,```
SMS,system,CORE
SMS,Sales Assistant,USER
SMS,customer,USER
SMS,```
SMS,system,CORE  
SMS,customer,USER  
SMS,customer,USER
SMS,```
SMS,system,CORE
SMS,customer,USER
SMS,customer,USER
SMS,```
SMS,```
SMS,system,CORE
SMS,customer,USER
SMS,```
SMS,```
SMS,system,CORE
SMS,customer,USER
SMS,Sales Assistant,USER
SMS,```
SMS,```
SMS,system,CORE
SMS,Sales Assistant,USER
SMS,```
SMS,```
SMS,system,CORE
SMS,Sales Assistant,USER
SMS,customer,USER
SMS,customer name,USER
SMS,customer number,USER
SMS,```
SMS,```
SMS,system,CORE
SMS,customer,USER
SMS,```
SMS,```
SMS,system,CORE
SMS,Sales Assistant,USER
SMS,customer,USER
SMS,```
SMS,The system,CORE  
SMS,Sales Assistant,USER  
SMS,ID card,CORE  
SMS,customer,USER
SMS,```
SMS,system,CORE
SMS,customer,USER
SMS,```
SMS,```
SMS,system,CORE
SMS,Sales Assistant,USER
SMS,customer,USER
SMS,```
SMS,```
SMS,system,CORE
SMS,Sales Assistant,USER
SMS,customer,USER
SMS,```
SMS,```
SMS,system,CORE
SMS,Sales Assistant,USER
SMS,customer,USER
SMS,```
SMS,```
SMS,system,CORE
SMS,customer,USER
SMS,database,CORE
SMS,```
SMS,```
SMS,system,CORE
SMS,```
SMS,```
SMS,system,CORE
SMS,Sales Assistant,USER
SMS,```
SMS,```
SMS,system,CORE
SMS,Sales Assistant,USER
SMS,```
SMS,```
SMS,system,CORE
SMS,Sales-Assistant,USER
SMS,customer,USER
SMS,contract,CORE
SMS,name,CORE
SMS,number,CORE
SMS,```
SMS,```
SMS,system,CORE
SMS,Sales-Assistant,USER
SMS,staff,USER
SMS,contract,CORE
SMS,staff,USER
SMS,```
SMS,```
SMS,system,CORE
SMS,Sales-Assistant,USER
SMS,```
SMS,```
SMS,system,CORE
SMS,Sales-Assistant,USER
SMS,```
SMS,```
SMS,system,CORE
SMS,Sales-Assistant,USER
SMS,```
SMS,```
SMS,system,CORE
SMS,Sales-Assistant,USER
SMS,```
SMS,```
SMS,system,CORE
SMS,Sales-Assistant,USER
SMS,payment,CORE
SMS,```
SMS,```
SMS,system,CORE
SMS,Sales-Assistant,USER
SMS,```
SMS,```
SMS,system,CORE
SMS,Sales-Assistant,USER
SMS,```
SMS,```
SMS,system,CORE
SMS,Sales-Assistant,USER
SMS,Customer,USER
SMS,access keys,HARDWARE
SMS,```
SMS,```
SMS,system,CORE
SMS,Sales-Assistant,USER
SMS,```
SMS,```
SMS,system,CORE
SMS,Sales-Assistant,USER
SMS,payment,CORE
SMS,```
SMS,```
SMS,system,CORE
SMS,Sales-Assistant,USER
SMS,```
SMS,```
SMS,system,CORE
SMS,Sales-Assistant,USER
SMS,```
SMS,```
SMS,system,CORE
SMS,Sales-Assistant,USER
SMS,```
SMS,```
SMS,system,CORE
SMS,Sales-Assistant,USER
SMS,```
SMS,```
SMS,system,CORE
SMS,sales assistant,USER
SMS,screen,HARDWARE
SMS,contract,CORE
SMS,contract number,CORE
SMS,access key,CORE
SMS,```
SMS,```
SMS,system,CORE
SMS,contract,CORE
SMS,customer,USER
SMS,customer name,USER
SMS,customer number,USER
SMS,sales assistant,USER
SMS,contract number,CORE
SMS,```
SMS,```
SMS,system,CORE
SMS,sales assistant,USER
SMS,contract,CORE
SMS,contract number,CORE
SMS,access key,CORE
SMS,customer,USER
SMS,```
SMS,```
SMS,system,CORE
SMS,screen,HARDWARE
SMS,sales assistant,USER
SMS,```
SMS,```
SMS,system,CORE
SMS,sales assistant,USER
SMS,screen,HARDWARE
SMS,```
SMS,```
SMS,system,CORE
SMS,Sales-Assistant,USER
SMS,```
SMS,```
SMS,system,CORE
SMS,Sales-Assistant,USER
SMS,```
SMS,```
SMS,system,CORE
SMS,Sales-Assistant,USER
SMS,```
SMS,```
SMS,system,CORE
SMS,Sales-Assistant,USER
SMS,```
SMS,```
SMS,system,CORE
SMS,Sales-Assistant,USER
SMS,```
SMS,```
SMS,system,CORE
SMS,```
SMS,```
SMS,system,CORE
SMS,Sales-Assistant,USER
SMS,```
SMS,```
SMS,system,CORE
SMS,Sales-Assistant,USER
SMS,customer,USER
SMS,customer,USER
SMS,contract,CORE
SMS,```
SMS,```
SMS,system,CORE
SMS,Sales-Assistant,USER
SMS,contract,CORE
SMS,customer,USER
SMS,```
SMS,```
SMS,system,CORE
SMS,Sales-Assistant,USER
SMS,payment,CORE
SMS,```
SMS,```
SMS,system,CORE
SMS,Sales-Assistant,USER
SMS,payment,CORE
SMS,```
SMS,```
SMS,system,CORE
SMS,payment,CORE
SMS,Sales-Assistant,USER
SMS,```
SMS,```
SMS,system,CORE
SMS,Sales-Assistant,USER
SMS,customer,USER
SMS,```
SMS,```
SMS,system,CORE
SMS,Sales-Assistant,USER
SMS,product,CORE
SMS,wholesale,CORE
SMS,```
SMS,```
SMS,system,CORE
SMS,Sales-Assistant,USER
SMS,customer,USER
SMS,system,CORE
SMS,```
SMS,```
SMS,system,CORE
SMS,Sales-Assistant,USER
SMS,```
SMS,```
SMS,system,CORE
SMS,Sales-Assistant,USER
SMS,```
SMS,```
SMS,system,CORE
SMS,```
SMS,```
SMS,system,CORE
SMS,Sales-Assistant,USER
SMS,screen,HARDWARE
SMS,```
SMS,```
SMS,system,CORE
SMS,Customer,USER
SMS,Sales-Assistant,USER
SMS,```
SMS,```
SMS,system,CORE
SMS,Sales-Assistant,USER
SMS,Customer,USER
SMS,```
SMS,```
SMS,system,CORE
SMS,Sales-Assistant,USER
SMS,```
SMS,```
SMS,system,CORE
SMS,Sales Assistant,USER
SMS,```
SMS,```
SMS,system,CORE
SMS,Sales Assistant,USER
SMS,customer,USER
SMS,access keys,HARDWARE
SMS,customer name,USER
SMS,customer number,USER
SMS,wholesale number,USER
SMS,```
SMS,```
SMS,system,CORE
SMS,Sales Assistant,USER
SMS,wholesale,CORE
SMS,access keys,CORE
SMS,```
SMS,```
SMS,system,CORE
SMS,Sales Assistant,USER
SMS,```
SMS,```
SMS,system,CORE
SMS,```
SMS,```
SMS,system,CORE
SMS,Sales Assistant,USER
SMS,```
SMS,```
SMS,system,CORE
SMS,```
SMS,```
SMS,system,CORE
SMS,Sales Assistant,USER
SMS,```
SMS,```
SMS,system,CORE
SMS,wholesale,USER
SMS,```
SMS,```
SMS,system,CORE
SMS,```
SMS,```
SMS,system,CORE
SMS,users,USER
SMS,customer,USER
SMS,access keys,HARDWARE
SMS,customer name,USER
SMS,customer number,USER
SMS,wholesale number,USER
SMS,```
SMS,```
SMS,system,CORE
SMS,users,USER
SMS,customer,USER
SMS,```
SMS,```
SMS,system,CORE
SMS,users,USER
SMS,payment,CORE
SMS,```
SMS,```
SMS,system,CORE
SMS,users,USER
SMS,payment,CORE
SMS,```
SMS,```
SMS,system,CORE
SMS,payment,CORE
SMS,transaction,CORE
SMS,payment,CORE
SMS,```
SMS,```
SMS,system,CORE
SMS,Sales-Assistant,USER
SMS,payments,CORE
SMS,```
SMS,```
SMS,system,CORE
SMS,Sales-Assistant,USER
SMS,customer,USER
SMS,```
SMS,```
SMS,system,CORE
SMS,Sales-Assistant,USER
SMS,```
SMS,```
SMS,system,CORE
SMS,Sales-Assistant,USER
SMS,```
SMS,```
SMS,system,CORE
SMS,Sales-Assistant,USER
SMS,```
SMS,```
SMS,system,CORE
SMS,Sales-Assistant,USER
SMS,```
SMS,```
SMS,system,CORE
SMS,Sales-Assistant,USER
SMS,```
SMS,```
SMS,system,CORE
SMS,Sales-Assistant,USER
SMS,screen,HARDWARE
SMS,```
SMS,```
SMS,system,CORE
SMS,Sales-Assistant,USER
SMS,Customer,USER
SMS,```
SMS,```
SMS,system,CORE
SMS,Sales-Assistant,USER
SMS,customer,USER
SMS,```
SMS,```
SMS,system,CORE
SMS,Sales-Assistant,USER
SMS,```
SMS,```
SMS,system,CORE
SMS,Sales-Assistant,USER
SMS,```
SMS,```
SMS,system,CORE
SMS,Sales-Assistant,USER
SMS,customer,USER
SMS,keys,HARDWARE
SMS,customer name,USER
SMS,customer number,USER
SMS,retail number,USER
SMS,retail,USER
SMS,retail number,USER
SMS,```
SMS,```
SMS,system,CORE
SMS,Sales-Assistant,USER
SMS,```
SMS,```
SMS,system,CORE
SMS,Sales-Assistant,USER
SMS,```
SMS,```
SMS,system,CORE
SMS,Sales-Assistant,USER
SMS,```
SMS,```
SMS,system,CORE
SMS,Sales-Assistant,USER
SMS,```
SMS,```
SMS,system,CORE
SMS,Sales-Assistant,USER
SMS,```
SMS,```
SMS,system,CORE
SMS,```
SMS,```
SMS,system,CORE
SMS,Sales-Assistant,USER
SMS,```
SMS,```
SMS,system,CORE
SMS,Sales-Assistant,USER
SMS,Customer,USER
SMS,customer,USER
SMS,```
SMS,```
SMS,system,CORE
SMS,Sales-Assistant,USER
SMS,transaction,CORE
SMS,Customer,USER
SMS,```
SMS,```
SMS,system,CORE
SMS,Sales-Assistant,USER
SMS,payment,CORE
SMS,```
SMS,```
SMS,system,CORE
SMS,form,CORE
SMS,Sales-Assistant,USER
SMS,payment,CORE
SMS,```
SMS,```
SMS,system,CORE
SMS,payment,CORE
SMS,Sales-Assistant,USER
SMS,```
SMS,```
SMS,system,CORE
SMS,Sales-Assistant,USER
SMS,customer,USER
SMS,product,CORE
SMS,customer,USER
SMS,customer,USER
SMS,```
SMS,```
SMS,system,CORE
SMS,Sales-Assistant,USER
SMS,product,CORE
SMS,product,CORE
SMS,product name,CORE
SMS,```
SMS,```
SMS,system,CORE
SMS,Sales-Assistant,USER
SMS,```
SMS,```
SMS,system,CORE
SMS,Sales-Assistant,USER
SMS,```
SMS,```
SMS,system,CORE
SMS,```
SMS,```
SMS,system,CORE
SMS,Sales-Assistant,USER
SMS,payment,CORE
SMS,```
SMS,```
SMS,system,CORE
SMS,```
SMS,```
SMS,system,CORE
SMS,payment,CORE
SMS,```
SMS,```
SMS,system,CORE
SMS,Sales-Assistant,USER
SMS,customer,USER
SMS,customer,USER
SMS,```
SMS,```
SMS,system,CORE
SMS,Sales-Assistant,USER
SMS,customer,USER
SMS,```
SMS,```
SMS,system,CORE
SMS,feedback,CORE
SMS,customer,USER
SMS,record,CORE
SMS,system,CORE
SMS,```
SMS,```
SMS,system,CORE
SMS,customer,USER
SMS,```
SMS,```
SMS,system,CORE
SMS,Sales-Assistant,USER
SMS,```
SMS,```
SMS,system,CORE
SMS,Sales-Assistant,USER
SMS,```
SMS,```
SMS,system,CORE
SMS,Sales-Assistant,USER
SMS,```
SMS,```
SMS,system,CORE
SMS,Sales-Assistant,USER
SMS,```
SMS,```
SMS,system,CORE
SMS,Sales-Assistant,USER
SMS,customer,USER
SMS,```
SMS,```
SMS,system,CORE
SMS,Sales-Assistant,USER
SMS,customer,USER
SMS,```
SMS,```
SMS,system,CORE
SMS,report,CORE
SMS,customer,USER
SMS,Sales-Assistant,USER
SMS,```
SMS,```
SMS,system,CORE
SMS,customer,USER
SMS,Sales-Assistant,USER
SMS,```
SMS,```
SMS,system,CORE
SMS,customer,USER
SMS,Sales-Assistant,USER
SMS,```
SMS,```
SMS,system,CORE
SMS,Sales Assistant,USER
SMS,```
SMS,```
SMS,system,CORE
SMS,Sales Assistant,USER
SMS,customer,USER
SMS,```
SMS,```
SMS,system,CORE
SMS,report,CORE
SMS,Sales Assistant,USER
SMS,```
SMS,```
SMS,system,CORE
SMS,report,CORE
SMS,Sales Assistant,USER
SMS,```
SMS,```
SMS,system,CORE
SMS,report,CORE
SMS,Sales Assistant,USER
SMS,```
SMS,```
SMS,system,CORE
SMS,Sales-Assistant,USER
SMS,payments,CORE
SMS,```
SMS,```
SMS,system,CORE
SMS,report,CORE
SMS,payment,CORE
SMS,Sales-Assistant,USER
SMS,```
SMS,```
SMS,system,CORE
SMS,report,CORE
SMS,payment,CORE
SMS,Sales-Assistant,USER
SMS,```
SMS,```
SMS,system,CORE
SMS,report,CORE
SMS,payment,CORE
SMS,Sales-Assistant,USER
SMS,```
SMS,```
SMS,system,CORE
SMS,Sales-Assistant,USER
SMS,payment,CORE
SMS,```
SMS,```
SMS,system,CORE
SMS,Sales-Assistant,USER
SMS,payment,CORE
SMS,```
SMS,```
SMS,system,CORE
SMS,Sales-Assistant,USER
SMS,payment,CORE
SMS,```
SMS,```
SMS,system,CORE
SMS,Sales-Assistant,USER
SMS,customer,USER
SMS,payment,CORE
SMS,```
SMS,```
SMS,system,CORE
SMS,report,CORE
SMS,customers,USER
SMS,payment,CORE
SMS,```
SMS,```
SMS,system,CORE
SMS,Sales-Assistant,USER
SMS,```
SMS,```
SMS,system,CORE
SMS,customer,USER
SMS,```
SMS,```
SMS,system,CORE
SMS,Sales-Assistant,USER
SMS,```
SMS,```
SMS,system,CORE
SMS,customers,USER
SMS,```
SMS,```
SMS,system,CORE
SMS,Sales-Assistant,USER
SMS,customers,USER
SMS,```
SMS,```
SMS,system,CORE
SMS,Sales-Assistant,USER
SMS,```
SMS,```
SMS,system,CORE
SMS,Sales-Assistant,USER
SMS,```
SMS,```
SMS,system,CORE
SMS,report,CORE
SMS,customers,USER
SMS,Sales-Assistant,USER
SMS,```
SMS,```
SMS,system,CORE
SMS,Sales-Assistant,USER
SMS,```
SMS,```
SMS,report,CORE
SMS,products,CORE
SMS,customer,USER
SMS,product,CORE
SMS,```
SIMS,```
SIMS,admin,USER
SIMS,users,USER
SIMS,login,CORE
SIMS,```
SIMS,```
SIMS,system,CORE
SIMS,administrator,USER
SIMS,users,USER
SIMS,username,CORE
SIMS,password,CORE
SIMS,role,CORE
SIMS,user,USER
SIMS,Admin,USER
SIMS,User,USER
SIMS,```
SIMS,```
SIMS,system,CORE
SIMS,administrator,USER
SIMS,user,USER
SIMS,database,CORE
SIMS,```
SIMS,```
SIMS,system,CORE
SIMS,administrator,USER
SIMS,user,USER
SIMS,report,CORE
SIMS,users,USER
SIMS,system,CORE
SIMS,```
SIMS,```
SIMS,system,CORE
SIMS,users,USER
SIMS,Admin,USER
SIMS,```
SIMS,```
SIMS,system,CORE
SIMS,Admin,USER
SIMS,```
SIMS,```
SIMS,system,CORE
SIMS,administrator,USER
SIMS,users,USER
SIMS,username,CORE
SIMS,role,CORE
SIMS,user status,CORE
SIMS,```
SIMS,```
SIMS,user,USER
SIMS,system,CORE
SIMS,```
SIMS,```
SIMS,admin,USER
SIMS,users,USER
SIMS,```
SIMS,```
SIMS,users,USER
SIMS,password,CORE
SIMS,```
SIMS,```
SIMS,system,CORE
SIMS,users,USER
SIMS,```
SIMS,```
SIMS,system,CORE
SIMS,```
SIMS,```
SIMS,system,CORE
SIMS,```
SIMS,```
SIMS,system,CORE
SIMS,```
SIMS,```
SIMS,users,USER
SIMS,employee,USER
SIMS,godown,CORE
SIMS,employee,USER
SIMS,godown,CORE
SIMS,```
SIMS,```
SIMS,System,CORE
SIMS,```
SIMS,```
SIMS,system,CORE
SIMS,administrator,USER
SIMS,database,CORE
SIMS,input form,CORE
SIMS,```
SIMS,```
SIMS,system,CORE
SIMS,administrator,USER
SIMS,employee,USER
SIMS,database,CORE
SIMS,```
SIMS,```
SIMS,system,CORE
SIMS,administrator,USER
SIMS,employee,USER
SIMS,```
SIMS,```
SIMS,system,CORE
SIMS,```
SIMS,```
SIMS,system,CORE
SIMS,administrator,USER
SIMS,```
SIMS,```
SIMS,list,CORE
SIMS,entries,CORE
SIMS,```
SIMS,```
SIMS,Outward,CORE
SIMS,```
SIMS,```
SIMS,Product,CORE
SIMS,Stocks,CORE
SIMS,warehouse,CORE
SIMS,company,USER
SIMS,```
SIMS,I'm sorry, but there are no entities in the given sentence that fit the specified categories (CORE, USER, HARDWARE, PLATFORM).
SIMS,```
SIMS,system,CORE
SIMS,godown manager,USER
SIMS,system,CORE
SIMS,```
SIMS,```
SIMS,system,CORE
SIMS,godown manager,USER
SIMS,system,CORE
SIMS,```
SIMS,```
SIMS,system,CORE
SIMS,godown manager,USER
SIMS,system,CORE
SIMS,```
SIMS,```
SIMS,system,CORE
SIMS,users,USER
SIMS,database,CORE
SIMS,```
SIMS,system,CORE  
SIMS,users,USER  
SIMS,reports,CORE  
SIMS,admins,USER  
SIMS,```
SIMS,system,CORE
SIMS,users,USER
SIMS,```
SIMS,```
SIMS,system,CORE
SIMS,users,USER
SIMS,```
SIMS,```
SIMS,system,CORE
SIMS,admin,USER
SIMS,users,USER
SIMS,```
SIMS,```
SIMS,system,CORE
SIMS,user,USER
SIMS,```
SIMS,```
SIMS,system,CORE
SIMS,users,USER
SIMS,database,CORE
SIMS,```
SIMS,```
SIMS,stock,CORE
SIMS,order,CORE
SIMS,```
SIMS,```
SIMS,entry,CORE
SIMS,stock,CORE
SIMS,number,CORE
SIMS,```
SIMS,```
SIMS,entry,CORE
SIMS,stock,CORE
SIMS,number,CORE
SIMS,```
SIMS,Admin,USER  
SIMS,Report,CORE
SIMS,Admin,USER  
SIMS,Report,CORE
SIMS,Admin,USER  
SIMS,Report,CORE
SIMS,Admin,USER  
SIMS,report,CORE
SIMS,```
SIMS,admin,USER
SIMS,stock statement report,CORE
SIMS,```
SIMS,```
SIMS,system,CORE
SIMS,users,USER
SIMS,```
SIMS,```
SIMS,system,CORE
SIMS,```
SIMS,```
SIMS,system,CORE
SIMS,```
SIMS,```
SIMS,system,CORE
SIMS,```
SIMS,```
SIMS,system,CORE
SIMS,```
SIMS,```
SIMS,system,CORE
SIMS,```
SIMS,```
SIMS,system,CORE
SIMS,users,USER
SIMS,PDF,PLATFORM
SIMS,Excel,PLATFORM
SIMS,```
SIMS,```
SIMS,system,CORE
SIMS,users,USER
SIMS,```
SIMS,```
SIMS,system,CORE
SIMS,```
SIMS,```
SIMS,system,CORE
SIMS,reports,CORE
SIMS,customers,USER
SIMS,godown,CORE
SIMS,return date,CORE
SIMS,item ID,CORE
SIMS,return reason,CORE
SIMS,```
SIMS,```
SIMS,system,CORE
SIMS,users,USER
SIMS,```
SIMS,```
SIMS,system,CORE
SIMS,user,USER
SIMS,```
SCATS,```
SCATS,system,CORE
SCATS,Sales Manager,USER
SCATS,system,CORE
SCATS,```
SCATS,```
SCATS,system,CORE
SCATS,employee,USER
SCATS,system,CORE
SCATS,Sales Manager,USER
SCATS,user account,CORE
SCATS,```
SCATS,```
SCATS,system,CORE
SCATS,Sales Manager,USER
SCATS,employee,USER
SCATS,registration,CORE
SCATS,```
SCATS,```
SCATS,system,CORE
SCATS,Sales Manager,USER
SCATS,user account,CORE
SCATS,employee,USER
SCATS,```
SCATS,```
SCATS,system,CORE
SCATS,Sales Manager,USER
SCATS,username,CORE
SCATS,password,CORE
SCATS,employee,USER
SCATS,```
SCATS,```
SCATS,employee,USER
SCATS,account,CORE
SCATS,system,CORE
SCATS,username,CORE
SCATS,password,CORE
SCATS,Sales Manager,USER
SCATS,employee,USER
SCATS,```
SCATS,```
SCATS,system,CORE
SCATS,Sales Manager,USER
SCATS,login,CORE
SCATS,system,CORE
SCATS,```
SCATS,```
SCATS,system,CORE
SCATS,Sales Manager,USER
SCATS,system,CORE
SCATS,```
SCATS,```
SCATS,system,CORE
SCATS,Sales Manager,USER
SCATS,```
SCATS,```
SCATS,system,CORE
SCATS,Sales Manager,USER
SCATS,```
SCATS,```
SCATS,system,CORE
SCATS,Sales Manager,USER
SCATS,```
SCATS,```
SCATS,system,CORE
SCATS,Sales Manager,USER
SCATS,```
SCATS,Sales Manager,USER  
SCATS,system,CORE
SCATS,```
SCATS,system,CORE
SCATS,Sales Manager,USER
SCATS,system,CORE
SCATS,```
SCATS,```
SCATS,system,CORE
SCATS,Sales Person,USER
SCATS,product,CORE
SCATS,stock,CORE
SCATS,customer,USER
SCATS,```
SCATS,```
SCATS,system,CORE
SCATS,Sales Person,USER
SCATS,system,CORE
SCATS,```
SCATS,```
SCATS,system,CORE
SCATS,Sales Person,USER
SCATS,```
SCATS,```
SCATS,system,CORE
SCATS,Sales Person,USER
SCATS,```
SCATS,```
SCATS,system,CORE
SCATS,customer,USER
SCATS,```
SCATS,```
SCATS,system,CORE
SCATS,customer,USER
SCATS,```
SCATS,```
SCATS,system,CORE
SCATS,```
SCATS,```
SCATS,system,CORE
SCATS,Sales Person,USER
SCATS,login,CORE
SCATS,system,CORE
SCATS,```
SCATS,```
SCATS,system,CORE
SCATS,Sales Person,USER
SCATS,Sales Manager,USER
SCATS,system,CORE
SCATS,customer,USER
SCATS,```
SCATS,```
SCATS,system,CORE
SCATS,Customer,USER
SCATS,Customer,USER
SCATS,```
SCATS,```
SCATS,system,CORE
SCATS,customer,USER
SCATS,Sales Person,USER
SCATS,Sales Manager,USER
SCATS,```
SCATS,```
SCATS,system,CORE
SCATS,customer,USER
SCATS,```
SCATS,```
SCATS,system,CORE
SCATS,customer,USER
SCATS,```
SCATS,```
SCATS,customer,USER
SCATS,registration,CORE
SCATS,system,CORE
SCATS,user,USER
SCATS,login,CORE
SCATS,session,CORE
SCATS,system,CORE
SCATS,menu,CORE
SCATS,```
SCATS,```
SCATS,system,CORE
SCATS,login,CORE
SCATS,user,USER
SCATS,SCATS,PLATFORM
SCATS,application,CORE
SCATS,```
SCATS,```
SCATS,system,CORE
SCATS,user,USER
SCATS,```
SCATS,```
SCATS,system,CORE
SCATS,user,USER
SCATS,username,CORE
SCATS,password,CORE
SCATS,account,CORE
SCATS,system,CORE
SCATS,```
SCATS,system,CORE  
SCATS,user,USER  
SCATS,system,CORE  
SCATS,login,CORE  
SCATS,```
SCATS,system,CORE
SCATS,user,USER
SCATS,```
SCATS,```
SCATS,system,CORE
SCATS,Sales Person,USER
SCATS,Sales Manager,USER
SCATS,system,CORE
SCATS,```
SCATS,```
SCATS,system,CORE
SCATS,Customer,USER
SCATS,Product,CORE
SCATS,Sales Person,USER
SCATS,system,CORE
SCATS,```
SCATS,```
SCATS,system,CORE
SCATS,Sales Person,USER
SCATS,Sales Manager,USER
SCATS,customer,USER
SCATS,```
SCATS,```
SCATS,system,CORE
SCATS,```
SCATS,```
SCATS,form,CORE
SCATS,system,CORE
SCATS,database,CORE
SCATS,```
SCATS,```
SCATS,system,CORE
SCATS,form,CORE
SCATS,system,CORE
SCATS,```
SCATS,```
SCATS,system,CORE
SCATS,Sales Person,USER
SCATS,Sales Manager,USER
SCATS,system,CORE
SCATS,```
SCATS,```
SCATS,system,CORE
SCATS,main menu,CORE
SCATS,Customers,USER
SCATS,Sales Persons,USER
SCATS,Products,CORE
SCATS,Statistics,CORE
SCATS,user,USER
SCATS,```
SCATS,All Customers,USER  
SCATS,system,CORE  
SCATS,customers,USER
SCATS,```
SCATS,Specific Customer,USER
SCATS,system,CORE
SCATS,user,USER
SCATS,Customer ID,CORE
SCATS,customer,USER
SCATS,```
SCATS,```
SCATS,Sales Persons,USER
SCATS,system,CORE
SCATS,```
SCATS,system,CORE
SCATS,```
SCATS,system,CORE
SCATS,user,USER
SCATS,```
SCATS,```
SCATS,system,CORE
SCATS,Statistics,CORE
SCATS,Sales Person,USER
SCATS,Total Largest Revenue,CORE
SCATS,Best Sales Person,USER
SCATS,Most Sold Product,CORE
SCATS,Less Sold Product,CORE
SCATS,```
SCATS,Sales Person,USER  
SCATS,system,CORE  
SCATS,user,USER
SCATS,```
SCATS,system,CORE
SCATS,Sales Persons,USER
SCATS,user,USER
SCATS,Sales Manager,USER
SCATS,```
SCATS,Best Sales Person,CORE  
SCATS,system,CORE  
SCATS,user,CORE  
SCATS,product ID,CORE  
SCATS,Sales Persons,USER  
SCATS,user,CORE  
SCATS,Sales Manager,USER
SCATS,```
SCATS,system,CORE
SCATS,user,CORE
SCATS,Sales Manager,USER
SCATS,```
SCATS,```
SCATS,Less Sold Product,CORE
SCATS,system,CORE
SCATS,user,CORE
SCATS,Sales Manager,USER
SCATS,```
SCATS,```
SCATS,system,CORE
SCATS,user,USER
SCATS,browser,PLATFORM
SCATS,```
POS Connect,```
POS Connect,Clients,USER
POS Connect,system,CORE
POS Connect,user account,CORE
POS Connect,website,CORE
POS Connect,stores,CORE
POS Connect,```
POS Connect,```
POS Connect,client,USER
POS Connect,system,CORE
POS Connect,account,CORE
POS Connect,system,CORE
POS Connect,banking,CORE
POS Connect,store,CORE
POS Connect,account,CORE
POS Connect,user,USER
POS Connect,database,CORE
POS Connect,account holder,USER
POS Connect,```
POS Connect,```
POS Connect,Clients,USER
POS Connect,account,CORE
POS Connect,windows,PLATFORM
POS Connect,service,CORE
POS Connect,package,CORE
POS Connect,client’s,USER
POS Connect,store,CORE
POS Connect,communications,CORE
POS Connect,clients’,USER
POS Connect,POS,HARDWARE
POS Connect,web store,CORE
POS Connect,```
POS Connect,```
POS Connect,Clients,USER
POS Connect,account,CORE
POS Connect,windows,PLATFORM
POS Connect,service,CORE
POS Connect,installer,CORE
POS Connect,package,CORE
POS Connect,store,CORE
POS Connect,client,USER
POS Connect,POS,CORE
POS Connect,intuit,PLATFORM
POS Connect,service,CORE
POS Connect,background,CORE
POS Connect,computer,HARDWARE
POS Connect,communications,CORE
POS Connect,information,CORE
POS Connect,server,CORE
POS Connect,web store,CORE
POS Connect,sync,CORE
POS Connect,requests,CORE
POS Connect,responses,CORE
POS Connect,log,CORE
POS Connect,```
POS Connect,```
POS Connect,Clients,USER
POS Connect,account,CORE
POS Connect,information,CORE
POS Connect,windows service,PLATFORM
POS Connect,web store,CORE
POS Connect,stores,CORE
POS Connect,system,CORE
POS Connect,database,CORE
POS Connect,client’s stock,CORE
POS Connect,customers,USER
POS Connect,client’s items,CORE
POS Connect,```
POS Connect,```
POS Connect,Clients,USER
POS Connect,web store,CORE
POS Connect,system,CORE
POS Connect,servers,HARDWARE
POS Connect,themes,CORE
POS Connect,customers,USER
POS Connect,items,CORE
POS Connect,```
POS Connect,online,CORE  
POS Connect,inventory,CORE  
POS Connect,stock,CORE  
POS Connect,client,USER  
POS Connect,store,CORE  
POS Connect,client,USER  
POS Connect,store,CORE  
POS Connect,inventory,CORE  
POS Connect,```
POS Connect,inventory,CORE
POS Connect,client,USER
POS Connect,online sale,CORE
POS Connect,online stock,CORE
POS Connect,items,CORE
POS Connect,web carts,CORE
POS Connect,```
POS Connect,```
POS Connect,Inventory,CORE
POS Connect,web store,CORE
POS Connect,client,USER
POS Connect,store,CORE
POS Connect,category,CORE
POS Connect,department,CORE
POS Connect,```
POS Connect,```
POS Connect,product,CORE
POS Connect,information,CORE
POS Connect,online,PLATFORM
POS Connect,inventory,CORE
POS Connect,database,CORE
POS Connect,Pictures,CORE
POS Connect,product,CORE
POS Connect,database,CORE
POS Connect,```
POS Connect,```
POS Connect,Clients,USER
POS Connect,product information,CORE
POS Connect,online,PLATFORM
POS Connect,POS,PLATFORM
POS Connect,```
POS Connect,```
POS Connect,Customers,USER
POS Connect,web store,CORE
POS Connect,web cart,CORE
POS Connect,checkout,CORE
POS Connect,```
POS Connect,```
POS Connect,customer,USER
POS Connect,web cart,CORE
POS Connect,inventory list,CORE
POS Connect,checkout,CORE
POS Connect,cart,CORE
POS Connect,```
POS Connect,```
POS Connect,web store,CORE
POS Connect,customers,USER
POS Connect,```
POS Connect,```
POS Connect,customer,USER
POS Connect,web cart,CORE
POS Connect,system,CORE
POS Connect,```
POS Connect,```
POS Connect,system,CORE
POS Connect,payments,CORE
POS Connect,customer,USER
POS Connect,```
POS Connect,```
POS Connect,customer,USER
POS Connect,PayPal,PLATFORM
POS Connect,store owner,USER
POS Connect,payment,CORE
POS Connect,customer,USER
POS Connect,PayPal,PLATFORM
POS Connect,```
POS Connect,```
POS Connect,customer,USER
POS Connect,authorize.net,PLATFORM
POS Connect,store owner,USER
POS Connect,payment,CORE
POS Connect,customer,USER
POS Connect,authorize.net,PLATFORM
POS Connect,```
POS Connect,```
POS Connect,server,CORE
POS Connect,client,USER
POS Connect,item,CORE
POS Connect,shipping,CORE
POS Connect,label,CORE
POS Connect,```
POS Connect,client,USER  
POS Connect,syncing,CORE  
POS Connect,sales,CORE  
POS Connect,transactions,CORE  
POS Connect,sync,CORE  
POS Connect,Shipping,CORE  
POS Connect,users,USER  
POS Connect,printers,HARDWARE
POS Connect,```
POS Connect,system,CORE
POS Connect,```
POS Connect,```
POS Connect,server,CORE
POS Connect,user,USER
POS Connect,```
POS Connect,```
POS Connect,online,CORE
POS Connect,offline,CORE
POS Connect,inventory,CORE
POS Connect,client,USER
POS Connect,customers,USER
POS Connect,inventory,CORE
POS Connect,online,CORE
POS Connect,sales,CORE
POS Connect,conflict,CORE
POS Connect,online,CORE
POS Connect,customer,USER
POS Connect,```
POS Connect,```
POS Connect,sync,CORE
POS Connect,transaction,CORE
POS Connect,clients,USER
POS Connect,```
POS Connect,```
POS Connect,web store,CORE
POS Connect,customer,USER
POS Connect,database,CORE
POS Connect,web store owner,USER
POS Connect,```
POS Connect,```
POS Connect,web store,CORE
POS Connect,client,USER
POS Connect,computer,HARDWARE
POS Connect,user,USER
POS Connect,text file,CORE
POS Connect,client,USER
POS Connect,computer,HARDWARE
POS Connect,```
POS Connect,```
POS Connect,client,USER
POS Connect,inventory,CORE
POS Connect,POS,CORE
POS Connect,intuit,PLATFORM
POS Connect,system,CORE
POS Connect,client,USER
POS Connect,inventory,CORE
POS Connect,system,CORE
POS Connect,```
POS Connect,Clients,USER  
POS Connect,Graphical User Interface,CORE  
POS Connect,GUI,CORE  
POS Connect,machines,HARDWARE  
POS Connect,POS,CORE  
POS Connect,intuit,PLATFORM  
POS Connect,inventory,CORE  
POS Connect,```
POS Connect,Clients,USER
POS Connect,online interface,CORE
POS Connect,online inventory,CORE
POS Connect,Local inventory,CORE
POS Connect,```
POS Connect,```
POS Connect,Web,CORE
POS Connect,stores,CORE
POS Connect,client,USER
POS Connect,POS,CORE
POS Connect,inventory,CORE
POS Connect,windows,PLATFORM
POS Connect,service,CORE
POS Connect,transaction,CORE
POS Connect,client,USER
POS Connect,machine,HARDWARE
POS Connect,```
POS Connect,```
POS Connect,POS,CORE
POS Connect,inventory,CORE
POS Connect,inventories,CORE
POS Connect,inventory,CORE
POS Connect,inventory,CORE
POS Connect,sync,CORE
POS Connect,logs,CORE
POS Connect,clients,USER
POS Connect,customers,USER
POS Connect,```
POS Connect,```
POS Connect,Clients,USER
POS Connect,sync,CORE
POS Connect,machine,HARDWARE
POS Connect,```
POS Connect,```
POS Connect,windows service,CORE
POS Connect,user,USER
POS Connect,POS,CORE
POS Connect,MySQL,PLATFORM
POS Connect,databases,CORE
POS Connect,inventory,CORE
POS Connect,POS,CORE
POS Connect,MySQL,PLATFORM
POS Connect,database,CORE
POS Connect,```
POS Connect,```
POS Connect,windows,PLATFORM
POS Connect,service,CORE
POS Connect,Intuit,PLATFORM
POS Connect,```
POS Connect,```
POS Connect,windows,PLATFORM
POS Connect,service,CORE
POS Connect,MySQL,PLATFORM
POS Connect,database,CORE
POS Connect,```
Odoo Sales,user interface,CORE  
Odoo Sales,salespeople,USER
Odoo Sales,Odoo,PLATFORM  
Odoo Sales,mobile,HARDWARE  
Odoo Sales,interface,CORE  
Odoo Sales,sell,CORE  
Odoo Sales,road,CORE  
Odoo Sales,```
Odoo Sales,quotes,CORE
Odoo Sales,sales orders,CORE
Odoo Sales,invoices,CORE
Odoo Sales,screen,HARDWARE
Odoo Sales,CRM,CORE
Odoo Sales,app,CORE
Odoo Sales,sales pipeline,CORE
Odoo Sales,qualification,CORE
Odoo Sales,closing,CORE
Odoo Sales,```
Odoo Sales,warnings,CORE  
Odoo Sales,quotations,CORE  
Odoo Sales,customers,USER  
Odoo Sales,products,CORE  
Odoo Sales,```
Odoo Sales,quote,CORE
Odoo Sales,products,CORE
Odoo Sales,price lists,CORE
Odoo Sales,templates,CORE
Odoo Sales,prices,CORE
Odoo Sales,quotations,CORE
Odoo Sales,```
Odoo Sales,Design,CORE  
Odoo Sales,quotation,CORE  
Odoo Sales,templates,CORE
Odoo Sales,customers,USER
Odoo Sales,```
Odoo Sales,Quotations,CORE
Odoo Sales,company,USER
Odoo Sales,products,CORE
Odoo Sales,options,CORE
Odoo Sales,discounts,CORE
Odoo Sales,triggers,CORE
Odoo Sales,```
Odoo Sales,electronic signatures,CORE  
Odoo Sales,customers,USER  
Odoo Sales,quotations,CORE  
Odoo Sales,online,PLATFORM
Odoo Sales,```
Odoo Sales,product,CORE
Odoo Sales,sales orders,CORE
Odoo Sales,grid,CORE
Odoo Sales,matrix,CORE
Odoo Sales,product's attributes,CORE
Odoo Sales,sizes,CORE
Odoo Sales,colors,CORE
Odoo Sales,```
Odoo Sales,```
Odoo Sales,quotations,CORE
Odoo Sales,sales orders,CORE
Odoo Sales,customers,USER
Odoo Sales,online quotes,CORE
Odoo Sales,Odoo eSign,PLATFORM
Odoo Sales,sales orders,CORE
Odoo Sales,product kits,CORE
Odoo Sales,orders,CORE
Odoo Sales,```
Odoo Sales,```
Odoo Sales,Invoice,CORE
Odoo Sales,quantities,CORE
Odoo Sales,time,CORE
Odoo Sales,materials,CORE
Odoo Sales,payment,CORE
Odoo Sales,terms,CORE
Odoo Sales,customer,USER
Odoo Sales,invoice,CORE
Odoo Sales,```
Odoo Sales,```
Odoo Sales,customers,USER
Odoo Sales,portal,CORE
Odoo Sales,quotes,CORE
Odoo Sales,sales orders,CORE
Odoo Sales,deliveries,CORE
Odoo Sales,Customers,USER
Odoo Sales,orders,CORE
Odoo Sales,electronic signature,CORE
Odoo Sales,online payment,CORE
Odoo Sales,```
Odoo Sales,```
Odoo Sales,order lines,CORE
Odoo Sales,```
Odoo Sales,```
Odoo Sales,contract,CORE
Odoo Sales,invoicing,CORE
Odoo Sales,renewal,CORE
Odoo Sales,upselling,CORE
Odoo Sales,revenue,CORE
Odoo Sales,Odoo Subscriptions,PLATFORM
Odoo Sales,memberships,CORE
Odoo Sales,service contracts,CORE
Odoo Sales,contract renewal alerts,CORE
Odoo Sales,contract options,CORE
Odoo Sales,MRR dashboard,CORE
Odoo Sales,```
Odoo Sales,Odoo,PLATFORM  
Odoo Sales,Sales,CORE  
Odoo Sales,invoice,CORE
Odoo Sales,Odoo,PLATFORM  
Odoo Sales,eSign,CORE  
Odoo Sales,NDAs,CORE  
Odoo Sales,contracts,CORE  
Odoo Sales,PDF document,CORE
Odoo Sales,```
Odoo Sales,```
Odoo Sales,email,CORE  
Odoo Sales,customer,USER  
Odoo Sales,order,CORE
Odoo Sales,```
Odoo Sales,email templates,CORE
Odoo Sales,products,CORE
Odoo Sales,buyers,USER
Odoo Sales,instructions,CORE
Odoo Sales,service reminders,CORE
Odoo Sales,```
Odoo Sales,```
Odoo Sales,sales,CORE
Odoo Sales,purchase orders,CORE
Odoo Sales,multi-company setup,CORE
Odoo Sales,```
Odoo Sales,```
Odoo Sales,products,CORE
Odoo Sales,```
Odoo Sales,```
Odoo Sales,quotation line item,CORE
Odoo Sales,customer,USER
Odoo Sales,```
Odoo Sales,```
Odoo Sales,product,CORE
Odoo Sales,services,CORE
Odoo Sales,delivery charges,CORE
Odoo Sales,electronic products,CORE
Odoo Sales,```
Odoo Sales,```
Odoo Sales,shipping,CORE
Odoo Sales,labels,CORE
Odoo Sales,shipments,CORE
Odoo Sales,Odoo,PLATFORM
Odoo Sales,UPS,PLATFORM
Odoo Sales,DHL,PLATFORM
Odoo Sales,FedEx,PLATFORM
Odoo Sales,USPS,PLATFORM
Odoo Sales,Bpost,PLATFORM
Odoo Sales,Easypost,PLATFORM
Odoo Sales,postal services,CORE
Odoo Sales,```
Odoo Sales,```
Odoo Sales,shipping,CORE
Odoo Sales,costs,CORE
Odoo Sales,weight,CORE
Odoo Sales,volume,CORE
Odoo Sales,quantity,CORE
Odoo Sales,margin,CORE
Odoo Sales,delivery address,CORE
Odoo Sales,```
Odoo Sales,```
Odoo Sales,coupons,CORE
Odoo Sales,promotional codes,CORE
Odoo Sales,customers,USER
Odoo Sales,discounts,CORE
Odoo Sales,```
Odoo Sales,```
Odoo Sales,loyalty program,CORE
Odoo Sales,customers,USER
Odoo Sales,```
Odoo Sales,customers,USER  
Odoo Sales,gift cards,CORE  
Odoo Sales,shop,CORE  
Odoo Sales,eWallet,PLATFORM  
Odoo Sales,website,CORE  
Odoo Sales,payments,CORE  
Odoo Sales,Odoo,PLATFORM  
Odoo Sales,product,CORE  
Odoo Sales,quotation,CORE  
Odoo Sales,cart,CORE  
Odoo Sales,product configurator,CORE  
Odoo Sales,```
Odoo Sales,Odoo,PLATFORM
Odoo Sales,```
Odoo Sales,```
Odoo Sales,price,CORE
Odoo Sales,customer,USER
Odoo Sales,order,CORE
Odoo Sales,quantity,CORE
Odoo Sales,time,CORE
Odoo Sales,pricelists,CORE
Odoo Sales,products,CORE
Odoo Sales,customer,USER
Odoo Sales,```
Odoo Sales,KPI,CORE  
Odoo Sales,dashboard,CORE  
Odoo Sales,amount,CORE  
Odoo Sales,invoiced,CORE  
Odoo Sales,sales,CORE  
Odoo Sales,country,CORE  
Odoo Sales,salesperson,USER  
Odoo Sales,sales team,USER  
Odoo Sales,churn,CORE  
Odoo Sales,MRR,CORE  
Odoo Sales,lifetime value,CORE  
Odoo Sales,CAC ratio,CORE  
Odoo Sales,upgrades,CORE  
Odoo Sales,downgrades,CORE  
Odoo Sales,sales,CORE
Odoo Sales,activities,CORE
Odoo Sales,actions,CORE
Odoo Sales,performance data,CORE
Odoo Sales,```
Odoo Sales,orders,CORE
Odoo Sales,invoices,CORE
Odoo Sales,product type,CORE
Odoo Sales,salesperson,USER
Odoo Sales,country,CORE
Odoo Sales,sales team,USER
Odoo Sales,```
Odoo Purchase,```
Odoo Purchase,user interface,CORE
Odoo Purchase,inventory management,CORE
Odoo Purchase,barcode scanners,HARDWARE
Odoo Purchase,```
Odoo Purchase,```
Odoo Purchase,Purchase Order,CORE
Odoo Purchase,Vendor Bill,CORE
Odoo Purchase,Receipt,CORE
Odoo Purchase,```
Odoo Purchase,```
Odoo Purchase,purchase,CORE
Odoo Purchase,tenders,CORE
Odoo Purchase,vendor,USER
Odoo Purchase,process,CORE
Odoo Purchase,propositions,CORE
Odoo Purchase,offer,CORE
Odoo Purchase,purchase,CORE
Odoo Purchase,orders,CORE
Odoo Purchase,reporting,CORE
Odoo Purchase,quality,CORE
Odoo Purchase,vendors,USER
Odoo Purchase,```
Odoo Purchase,```
Odoo Purchase,supplier,USER
Odoo Purchase,```
Odoo Purchase,```
Odoo Purchase,Requests,CORE
Odoo Purchase,suppliers,USER
Odoo Purchase,```
Odoo Purchase,```
Odoo Purchase,email,CORE
Odoo Purchase,app,CORE
Odoo Purchase,```
Odoo Purchase,```
Odoo Purchase,RfQs,CORE
Odoo Purchase,```
Odoo Purchase,```
Odoo Purchase,suppliers,USER
Odoo Purchase,RfQs,CORE
Odoo Purchase,```
Odoo Purchase,```
Odoo Purchase,RfQs,CORE
Odoo Purchase,suppliers,USER
Odoo Purchase,stocks,CORE
Odoo Purchase,```
Odoo Purchase,```
Odoo Purchase,product,CORE
Odoo Purchase,purchase orders,CORE
Odoo Purchase,grid,CORE
Odoo Purchase,matrix,CORE
Odoo Purchase,product's attributes,CORE
Odoo Purchase,sizes,CORE
Odoo Purchase,colors,CORE
Odoo Purchase,```
Odoo Purchase,```
Odoo Purchase,quotes,CORE
Odoo Purchase,orders,CORE
Odoo Purchase,amount,CORE
Odoo Purchase,orders,CORE
Odoo Purchase,delivery date,CORE
Odoo Purchase,PO,CORE
Odoo Purchase,invoice,CORE
Odoo Purchase,```
Odoo Purchase,```
Odoo Purchase,stock,CORE
Odoo Purchase,quantity,CORE
Odoo Purchase,locations,CORE
Odoo Purchase,batch,CORE
Odoo Purchase,items,CORE
Odoo Purchase,```
Odoo Purchase,```
Odoo Purchase,procurement rules,CORE
Odoo Purchase,items,CORE
Odoo Purchase,stock levels,CORE
Odoo Purchase,location,CORE
Odoo Purchase,supplier,USER
Odoo Purchase,sales,CORE
Odoo Purchase,parameters,CORE
Odoo Purchase,```
Odoo Purchase,```
Odoo Purchase,invoices,CORE
Odoo Purchase,```
Odoo Purchase,```
Odoo Purchase,orders,CORE
Odoo Purchase,```
Odoo Purchase,I'm sorry, but the given sentence does not contain any entities that fit into the specified categories of CORE, USER, HARDWARE, or PLATFORM.
Odoo Purchase,```
Odoo Purchase,sale price,CORE
Odoo Purchase,type,CORE
Odoo Purchase,barcode,CORE
Odoo Purchase,reference,CORE
Odoo Purchase,```
Odoo Purchase,```
Odoo Purchase,supplier,USER
Odoo Purchase,item,CORE
Odoo Purchase,```
Odoo Purchase,color,CORE  
Odoo Purchase,memory capacity,CORE  
Odoo Purchase,product,CORE  
Odoo Purchase,products,CORE  
Odoo Purchase,```
Odoo Purchase,suppliers,USER
Odoo Purchase,item,CORE
Odoo Purchase,order,CORE
Odoo Purchase,priority,CORE
Odoo Purchase,delivery time,CORE
Odoo Purchase,quantity,CORE
Odoo Purchase,orders,CORE
Odoo Purchase,```
Odoo Purchase,```
Odoo Purchase,products,CORE
Odoo Purchase,supplier,USER
Odoo Purchase,purchase order,CORE
Odoo Purchase,```
Odoo Purchase,```
Odoo Purchase,Odoo,PLATFORM
Odoo Purchase,```
Odoo Purchase,```
Odoo Purchase,stock,CORE
Odoo Purchase,orders,CORE
Odoo Purchase,product availability,CORE
Odoo Purchase,```
Odoo Purchase,product,CORE  
Odoo Purchase,warehouse,CORE
Odoo Purchase,```
Odoo Purchase,warranty,CORE
Odoo Purchase,customer,USER
Odoo Purchase,manufacturer,USER
Odoo Purchase,```
Odoo Purchase,```
Odoo Purchase,product,CORE
Odoo Purchase,point of sale,CORE
Odoo Purchase,website,CORE
Odoo Purchase,```
Odoo Purchase,```
Odoo Purchase,customer,USER
Odoo Purchase,```
Odoo Purchase,```
Odoo Purchase,dashboards,CORE
Odoo Purchase,reporting engine,CORE
Odoo Purchase,filters,CORE
Odoo Purchase,team,USER
Odoo Purchase,```
Odoo Purchase,```
Odoo Purchase,forecasts,CORE
Odoo Purchase,product,CORE
Odoo Purchase,sales orders,CORE
Odoo Purchase,purchase orders,CORE
Odoo Purchase,manufacturing orders,CORE
Odoo Purchase,internal moves,CORE
Odoo Purchase,```
Odoo Purchase,```
Odoo Purchase,transactions,CORE
Odoo Purchase,modules,CORE
Odoo Purchase,sales orders,CORE
Odoo Purchase,purchase orders,CORE
Odoo Purchase,multi-company setup,CORE
Odoo Purchase,```
Odoo Purchase,Odoo,PLATFORM
Odoo POS Shop,```
Odoo POS Shop,interface,CORE
Odoo POS Shop,device,HARDWARE
Odoo POS Shop,```
Odoo POS Shop,barcode scanners,HARDWARE  
Odoo POS Shop,payment terminals,HARDWARE  
Odoo POS Shop,cash registers,HARDWARE
Odoo POS Shop,```
Odoo POS Shop,customers,USER
Odoo POS Shop,search,CORE
Odoo POS Shop,```
Odoo POS Shop,```
Odoo POS Shop,Odoo POS,PLATFORM
Odoo POS Shop,application,CORE
Odoo POS Shop,device,HARDWARE
Odoo POS Shop,OS,HARDWARE
Odoo POS Shop,Chrome,PLATFORM
Odoo POS Shop,Firefox,PLATFORM
Odoo POS Shop,Safari,PLATFORM
Odoo POS Shop,Microsoft Windows,PLATFORM
Odoo POS Shop,Apple OSX,PLATFORM
Odoo POS Shop,Linux,PLATFORM
Odoo POS Shop,Android,PLATFORM
Odoo POS Shop,iOS,PLATFORM
Odoo POS Shop,```
Odoo POS Shop,```
Odoo POS Shop,Odoo,PLATFORM
Odoo POS Shop,POS,CORE
Odoo POS Shop,PCs,HARDWARE
Odoo POS Shop,tablets,HARDWARE
Odoo POS Shop,touch-screen terminals,HARDWARE
Odoo POS Shop,```
Odoo POS Shop,```
Odoo POS Shop,POS,CORE
Odoo POS Shop,```
Odoo POS Shop,```
Odoo POS Shop,payment,CORE
Odoo POS Shop,```
Odoo POS Shop,External,payment,CORE  
Odoo POS Shop,terminals,HARDWARE  
Odoo POS Shop,payments,CORE
Odoo POS Shop,```
Odoo POS Shop,order,CORE
Odoo POS Shop,payment,CORE
Odoo POS Shop,payment,CORE
Odoo POS Shop,```
Odoo POS Shop,```
Odoo POS Shop,payment,CORE
Odoo POS Shop,```
Odoo POS Shop,```
Odoo POS Shop,Orders,CORE
Odoo POS Shop,```
Odoo POS Shop,```
Odoo POS Shop,invoices,CORE
Odoo POS Shop,business,CORE
Odoo POS Shop,customers,USER
Odoo POS Shop,```
Odoo POS Shop,```
Odoo POS Shop,customer,USER
Odoo POS Shop,VAT,CORE
Odoo POS Shop,invoices,CORE
Odoo POS Shop,```
Odoo POS Shop,```
Odoo POS Shop,Payments,CORE
Odoo POS Shop,Odoo,PLATFORM
Odoo POS Shop,Accounting,CORE
Odoo POS Shop,```
Odoo POS Shop,```
Odoo POS Shop,customer,USER
Odoo POS Shop,```
Odoo POS Shop,```
Odoo POS Shop,Credit limits,CORE
Odoo POS Shop,companies,USER
Odoo POS Shop,partners,USER
Odoo POS Shop,limit,CORE
Odoo POS Shop,warning,CORE
Odoo POS Shop,customer,USER
Odoo POS Shop,views,CORE
Odoo POS Shop,buttons,CORE
Odoo POS Shop,```
Odoo POS Shop,```
Odoo POS Shop,payment,CORE
Odoo POS Shop,POS,CORE
Odoo POS Shop,cash drawer,HARDWARE
Odoo POS Shop,```
Odoo POS Shop,```
Odoo POS Shop,customer,USER
Odoo POS Shop,product,CORE
Odoo POS Shop,order,CORE
Odoo POS Shop,```
Odoo POS Shop,```
Odoo POS Shop,orders,CORE
Odoo POS Shop,```
Odoo POS Shop,I'm sorry, but there are no entities in the given sentence that fit the specified categories of CORE, USER, HARDWARE, or PLATFORM.
Odoo POS Shop,```
Odoo POS Shop,product,CORE
Odoo POS Shop,checkout,CORE
Odoo POS Shop,electronic scale,HARDWARE
Odoo POS Shop,```
Odoo POS Shop,```
Odoo POS Shop,products,CORE
Odoo POS Shop,point of sale,CORE
Odoo POS Shop,```
Odoo POS Shop,iPad,HARDWARE  
Odoo POS Shop,Android,PLATFORM  
Odoo POS Shop,tablet,HARDWARE  
Odoo POS Shop,store,CORE  
Odoo POS Shop,price,CORE  
Odoo POS Shop,weight,CORE  
Odoo POS Shop,loyalty programs,CORE  
Odoo POS Shop,barcodes,CORE  
Odoo POS Shop,```
Odoo POS Shop,orders,CORE
Odoo POS Shop,customer,USER
Odoo POS Shop,product,CORE
Odoo POS Shop,cashier,USER
Odoo POS Shop,date,CORE
Odoo POS Shop,```
Odoo POS Shop,payment,CORE
Odoo POS Shop,```
Odoo POS Shop,cashier,USER
Odoo POS Shop,accounts,CORE
Odoo POS Shop,```
Odoo POS Shop,```
Odoo POS Shop,cash register,CORE
Odoo POS Shop,```
Odoo POS Shop,```
Odoo POS Shop,stock,CORE
Odoo POS Shop,inventory,CORE
Odoo POS Shop,locations,CORE
Odoo POS Shop,shipments,CORE
Odoo POS Shop,Odoo,PLATFORM
Odoo POS Shop,stock integration,CORE
Odoo POS Shop,```
Odoo POS Shop,```
Odoo POS Shop,franchise,USER
Odoo POS Shop,stores,CORE
Odoo POS Shop,sales,CORE
Odoo POS Shop,stock,CORE
Odoo POS Shop,accounting,CORE
Odoo POS Shop,```
Odoo POS Shop,kiosk,HARDWARE  
Odoo POS Shop,smartphone,HARDWARE  
Odoo POS Shop,customers,USER  
Odoo POS Shop,order,CORE  
Odoo POS Shop,payment,CORE  
Odoo POS Shop,tablet,HARDWARE
Odoo POS Shop,```
Odoo POS Shop,customers,USER
Odoo POS Shop,email,CORE
Odoo POS Shop,```
Odoo POS Shop,customers,USER  
Odoo POS Shop,search,CORE  
Odoo POS Shop,barcode,CORE  
Odoo POS Shop,card,CORE  
Odoo POS Shop,```
Odoo POS Shop,customers,USER
Odoo POS Shop,```
Odoo POS Shop,```
Odoo POS Shop,customers,USER
Odoo POS Shop,product,CORE
Odoo POS Shop,order,CORE
Odoo POS Shop,sale,CORE
Odoo POS Shop,```
Odoo POS Shop,eWallet,CORE  
Odoo POS Shop,clients,USER
Odoo POS Shop,```
Odoo POS Shop,pricelists,CORE
Odoo POS Shop,product,CORE
Odoo POS Shop,prices,CORE
Odoo POS Shop,POS,CORE
Odoo POS Shop,customers,USER
Odoo POS Shop,quantities,CORE
Odoo POS Shop,```
Odoo POS Shop,```
Odoo POS Shop,products,CORE
Odoo POS Shop,categories,CORE
Odoo POS Shop,popularity,CORE
Odoo POS Shop,points of sale,CORE
Odoo POS Shop,```
Odoo POS Shop,```
Odoo POS Shop,search function,CORE
Odoo POS Shop,```
Odoo POS Shop,```
Odoo POS Shop,products,CORE
Odoo POS Shop,units,CORE
Odoo POS Shop,stock,CORE
Odoo POS Shop,```
Odoo POS Shop,```
Odoo POS Shop,barcodes,CORE
Odoo POS Shop,product,CORE
Odoo POS Shop,barcode nomenclatures,CORE
Odoo POS Shop,```
Odoo POS Shop,```
Odoo POS Shop,product,CORE
Odoo POS Shop,```
Odoo POS Shop,```
Odoo POS Shop,product,CORE
Odoo POS Shop,point of sale,CORE
Odoo POS Shop,```
Odoo POS Shop,```
Odoo POS Shop,product,CORE
Odoo POS Shop,scale,HARDWARE
Odoo POS Shop,```
Odoo POS Shop,```
Odoo POS Shop,```
Odoo POS Shop,```
Odoo POS Shop,```
Odoo Inventory,```
Odoo Inventory,storage,CORE
Odoo Inventory,shelves,CORE
Odoo Inventory,aisles,CORE
Odoo Inventory,cold storage rooms,CORE
Odoo Inventory,pallet racks,CORE
Odoo Inventory,```
Odoo Inventory,```
Odoo Inventory,products,CORE
Odoo Inventory,storage,CORE
Odoo Inventory,capacity,CORE
Odoo Inventory,categories,CORE
Odoo Inventory,picking,CORE
Odoo Inventory,accessibility,CORE
Odoo Inventory,```
Odoo Inventory,```
Odoo Inventory,locations,CORE
Odoo Inventory,products,CORE
Odoo Inventory,warehouse,CORE
Odoo Inventory,```
Odoo Inventory,```
Odoo Inventory,product,CORE
Odoo Inventory,picker,USER
Odoo Inventory,```
Odoo Inventory,```
Odoo Inventory,order fulfillment,CORE
Odoo Inventory,purchasing,CORE
Odoo Inventory,quality,CORE
Odoo Inventory,picking,CORE
Odoo Inventory,packing,CORE
Odoo Inventory,receiving,CORE
Odoo Inventory,teams,USER
Odoo Inventory,tasks,CORE
Odoo Inventory,orders,CORE
Odoo Inventory,```
Odoo Inventory,```
Odoo Inventory,shipments,CORE
Odoo Inventory,vendor,USER
Odoo Inventory,unit of measure,CORE
Odoo Inventory,quantities,CORE
Odoo Inventory,tons,CORE
Odoo Inventory,kg,CORE
Odoo Inventory,```
Odoo Inventory,```
Odoo Inventory,routes,CORE
Odoo Inventory,condition,CORE
Odoo Inventory,assessment,CORE
Odoo Inventory,refurbishing,CORE
Odoo Inventory,restocking,CORE
Odoo Inventory,disposal,CORE
Odoo Inventory,Accounting app,PLATFORM
Odoo Inventory,product,CORE
Odoo Inventory,inventory,CORE
Odoo Inventory,valuation,CORE
Odoo Inventory,books,CORE
Odoo Inventory,```
Odoo Inventory,```
Odoo Inventory,batches,CORE
Odoo Inventory,shipping carriers,CORE
Odoo Inventory,serial numbers,CORE
Odoo Inventory,quantities,CORE
Odoo Inventory,weight,CORE
Odoo Inventory,picker,USER
Odoo Inventory,stock,CORE
Odoo Inventory,backorder,CORE
Odoo Inventory,```
Odoo Inventory,```
Odoo Inventory,barcodes,CORE
Odoo Inventory,packages,CORE
Odoo Inventory,content,CORE
Odoo Inventory,location,CORE
Odoo Inventory,products,CORE
Odoo Inventory,```
Odoo Inventory,```
Odoo Inventory,```
Odoo Inventory,```
Odoo Inventory,stock counts,CORE
Odoo Inventory,storage locations,CORE
Odoo Inventory,products,CORE
Odoo Inventory,inventory,CORE
Odoo Inventory,```
Odoo Inventory,```
Odoo Inventory,customers,USER
Odoo Inventory,```
Odoo Inventory,Unload,CORE  
Odoo Inventory,material,CORE  
Odoo Inventory,transfer,CORE  
Odoo Inventory,storage,CORE  
Odoo Inventory,```
Odoo Inventory,routes,CORE
Odoo Inventory,warehouses,CORE
Odoo Inventory,locations,CORE
Odoo Inventory,```
Odoo Inventory,```
Odoo Inventory,order,CORE
Odoo Inventory,fulfillment,CORE
Odoo Inventory,routes,CORE
Odoo Inventory,shipping,CORE
Odoo Inventory,store,USER
Odoo Inventory,post-office,USER
Odoo Inventory,third-party shipping,USER
Odoo Inventory,```
Odoo Inventory,```
Odoo Inventory,sales order,CORE
Odoo Inventory,delivery documents,CORE
Odoo Inventory,raw materials,CORE
Odoo Inventory,subcontractor,USER
Odoo Inventory,quality checks,CORE
Odoo Inventory,customer,USER
Odoo Inventory,```
Odoo Inventory,```
Odoo Inventory,system,CORE
Odoo Inventory,```
Odoo Inventory,```
Odoo Inventory,warehouse,CORE
Odoo Inventory,barcode scanner,HARDWARE
Odoo Inventory,receipts,CORE
Odoo Inventory,pickings,CORE
Odoo Inventory,inventory adjustments,CORE
Odoo Inventory,warehouse,CORE
Odoo Inventory,GS1,PLATFORM
Odoo Inventory,EAN13,PLATFORM
Odoo Inventory,EAN14,PLATFORM
Odoo Inventory,```
Odoo Inventory,```
Odoo Inventory,web page,CORE
Odoo Inventory,customers,USER
Odoo Inventory,order,CORE
Odoo Inventory,payment,CORE
Odoo Inventory,delivery status,CORE
Odoo Inventory,page,CORE
Odoo Inventory,barcode,CORE
Odoo Inventory,employees,USER
Odoo Inventory,item,CORE
Odoo Inventory,barcode,HARDWARE
Odoo Inventory,```
Odoo Inventory,```
Odoo Inventory,procurement managers,USER
Odoo Inventory,stock,CORE
Odoo Inventory,vendor,USER
Odoo Inventory,schedules,CORE
Odoo Inventory,```
Odoo Inventory,```
Odoo Inventory,Odoo,PLATFORM
Odoo Inventory,scheduler,CORE
Odoo Inventory,product,CORE
Odoo Inventory,orders,CORE
Odoo Inventory,```
Odoo Inventory,```
Odoo Inventory,dashboard,CORE
Odoo Inventory,```
Odoo Inventory,```
Odoo Inventory,warehouse,CORE
Odoo Inventory,barcode,CORE
Odoo Inventory,```
Odoo Inventory,```
Odoo Inventory,customer,USER
Odoo Inventory,```
Odoo Inventory,```
Odoo Inventory,report,CORE
Odoo Inventory,stock,CORE
Odoo Inventory,operations,CORE
Odoo Inventory,products,CORE
Odoo Inventory,customer,USER
Odoo Inventory,orders,CORE
Odoo Inventory,shipment,CORE
Odoo Inventory,manufacturing,CORE
Odoo Inventory,vendor,USER
Odoo Inventory,order,CORE
Odoo Inventory,deadlines,CORE
Odoo Inventory,lead times,CORE
Odoo Inventory,```
Odoo Inventory,```
Odoo Inventory,requests,CORE
Odoo Inventory,quotation,CORE
Odoo Inventory,stock,CORE
Odoo Inventory,```
Odoo Inventory,```
Odoo Inventory,purchases,CORE
Odoo Inventory,warehouse,CORE
Odoo Inventory,manufacturing,CORE
Odoo Inventory,```
Odoo Inventory,```
Odoo Inventory,inventory,CORE
Odoo Inventory,order,CORE
Odoo Inventory,```
Odoo Inventory,```
Odoo Inventory,purchase,CORE
Odoo Inventory,manufacturing,CORE
Odoo Inventory,orders,CORE
Odoo Inventory,sales order,CORE
Odoo Inventory,confirmation,CORE
Odoo Inventory,routes,CORE
Odoo Inventory,warehouses,CORE
Odoo Inventory,products,CORE
Odoo Inventory,orders,CORE
Odoo Inventory,```
Odoo Inventory,```
Odoo Inventory,vendor,USER
Odoo Inventory,customer,USER
Odoo Inventory,sales order,CORE
Odoo Inventory,purchase orders,CORE
Odoo Inventory,warehouse transfers,CORE
Odoo Inventory,delivery orders,CORE
Odoo Inventory,customer,USER
Odoo Inventory,```
Odoo Inventory,```
Odoo Inventory,report,CORE
Odoo Inventory,products,CORE
Odoo Inventory,supplier,USER
Odoo Inventory,customer,USER
Odoo Inventory,product,CORE
Odoo Inventory,services,CORE
Odoo Inventory,```
Odoo Inventory,```
Odoo Inventory,accounting,CORE
Odoo Inventory,product,CORE
Odoo Inventory,stock,CORE
Odoo Inventory,inventory,CORE
Odoo Inventory,```
Odoo Inventory,```
Odoo Inventory,user,USER
Odoo Inventory,actions,CORE
Odoo Inventory,stock,CORE
Odoo Inventory,counts,CORE
Odoo Inventory,adjustments,CORE
Odoo Inventory,approvals,CORE
Odoo Inventory,record,CORE
Odoo Inventory,modifications,CORE
Odoo Inventory,```
Odoo Inventory,```
Odoo Inventory,products,CORE
Odoo Inventory,```
Odoo Inventory,```
Odoo Inventory,reminders,CORE
Odoo Inventory,priority,CORE
Odoo Inventory,dates,CORE
Odoo Inventory,```
Odoo Inventory,```
Odoo Inventory,product,CORE
Odoo Inventory,variants,CORE
Odoo Inventory,customer,USER
Odoo Inventory,data,CORE
Odoo Inventory,stock,CORE
Odoo Inventory,components,HARDWARE
Odoo Inventory,```
Odoo Inventory,```
Odoo Inventory,warehouse transfer documents,CORE
Odoo Inventory,products,CORE
Odoo Inventory,serial numbers,CORE
Odoo Inventory,```
Odoo Inventory,```
Odoo Inventory,vendor,USER
Odoo Inventory,product,CORE
Odoo Inventory,```
Odoo Inventory,Fedex,PLATFORM  
Odoo Inventory,DHL,PLATFORM  
Odoo Inventory,UPS,PLATFORM  
Odoo Inventory,USPS,PLATFORM  
Odoo Inventory,Bpost,PLATFORM  
Odoo Inventory,Sendcloud,PLATFORM  
Odoo Inventory,Easypost,PLATFORM  
Odoo Inventory,Shiprocket,PLATFORM  
Odoo Inventory,```
Odoo Inventory,FIFO,CORE
Odoo Inventory,AVCO,CORE
Odoo Inventory,standard price costing,CORE
Odoo Inventory,```
Odoo Inventory,```
Odoo Inventory,```
Odoo Inventory,```
Odoo Inventory,accounting,CORE
Odoo Inventory,product,CORE
Odoo Inventory,stock,CORE
Odoo Inventory,inventory,CORE
Odoo Inventory,```
Odoo Inventory,```
Odoo Inventory,vendor,USER
Odoo Inventory,accounting,CORE
Odoo Inventory,record,CORE
Odoo Inventory,reporting,CORE
Odoo Inventory,price,CORE
Odoo Inventory,```
Odoo Inventory,```
Odoo Inventory,stock,CORE
Odoo Inventory,report,CORE
Odoo Inventory,supplier,USER
Odoo Inventory,customer,USER
Odoo Inventory,```
Odoo Inventory,```
Odoo Inventory,warehouse,CORE
Odoo Inventory,document,CORE
Odoo Inventory,receipt,CORE
Odoo Inventory,picking,CORE
Odoo Inventory,manufacturing order,CORE
Odoo Inventory,product,CORE
Odoo Inventory,```
Odoo Inventory,```
Odoo Inventory,Monitor,HARDWARE
Odoo Inventory,warehouse,CORE
Odoo Inventory,Quantities,CORE
Odoo Inventory,receipt date,CORE
Odoo Inventory,products,CORE
Odoo Inventory,```
Odoo Inventory,```
Odoo Inventory,Sales app,PLATFORM
Odoo Inventory,order,CORE
Odoo Inventory,return location,CORE
Odoo Inventory,Customer Portal,PLATFORM
Odoo Inventory,customer,USER
Odoo Inventory,Customer Portal,PLATFORM
Odoo Inventory,```
Odoo Inventory,```
Odoo Inventory,shipping,CORE
Odoo Inventory,carriers,CORE
Odoo Inventory,product,CORE
Odoo Inventory,customer,USER
Odoo Inventory,```
Odoo Inventory,```
Odoo Inventory,Purchase,PLATFORM
Odoo Inventory,```
Odoo Inventory,```
Odoo Inventory,warehouse,CORE
Odoo Inventory,```
Odoo Inventory,```
Odoo Inventory,Odoo,PLATFORM
Odoo Inventory,API,CORE
Odoo Inventory,logistics,CORE
Odoo Inventory,3PL,PLATFORM
Odoo Inventory,hardware,HARDWARE
Odoo Inventory,scales,HARDWARE
Odoo Inventory,barcode scanners,HARDWARE
Odoo Inventory,RFID,HARDWARE
Odoo Inventory,systems,CORE
Odoo Inventory,```
Odoo Inventory,```
Odoo Inventory,Inventory,CORE
Odoo Inventory,```
Odoo CRM,```
Odoo CRM,user interface,CORE
Odoo CRM,filters,CORE
Odoo CRM,sales activities,CORE
Odoo CRM,tips,CORE
Odoo CRM,best practices,CORE
Odoo CRM,CRM,PLATFORM
Odoo CRM,```
Odoo CRM,CRM,CORE  
Odoo CRM,Odoo,PLATFORM  
Odoo CRM,interface,CORE  
Odoo CRM,```
Odoo CRM,emails,CORE
Odoo CRM,VoIP calls,CORE
Odoo CRM,social media reactions,CORE
Odoo CRM,website visitors,CORE
Odoo CRM,event attendees,CORE
Odoo CRM,support tickets,CORE
Odoo CRM,```
Odoo CRM,```
Odoo CRM,```
Odoo CRM,I'm sorry, but the given sentence does not contain any entities that fit the specified categories (CORE, USER, HARDWARE, PLATFORM).
Odoo CRM,```
Odoo CRM,campaigns,CORE
Odoo CRM,emails,CORE
Odoo CRM,lead,USER
Odoo CRM,segment,CORE
Odoo CRM,activities,CORE
Odoo CRM,lead,USER
Odoo CRM,marketing,CORE
Odoo CRM,modules,CORE
Odoo CRM,leads,USER
Odoo CRM,website,CORE
Odoo CRM,Search Engine Optimization,PLATFORM
Odoo CRM,tool,CORE
Odoo CRM,form builders,CORE
Odoo CRM,a/b testing,CORE
Odoo CRM,tool,CORE
Odoo CRM,```
Odoo CRM,```
Odoo CRM,Odoo,PLATFORM
Odoo CRM,```
Odoo CRM,```
Odoo CRM,countries,CORE
Odoo CRM,states,CORE
Odoo CRM,cities,CORE
Odoo CRM,visitor,USER
Odoo CRM,IP address,CORE
Odoo CRM,```
Odoo CRM,Odoo,PLATFORM  
Odoo CRM,website,CORE  
Odoo CRM,visitors,USER  
Odoo CRM,leads,USER  
Odoo CRM,countries,CORE  
Odoo CRM,pages,CORE  
Odoo CRM,Chatbot,PLATFORM  
Odoo CRM,```
Odoo CRM,lead,CORE
Odoo CRM,opportunity,CORE
Odoo CRM,contacts,CORE
Odoo CRM,```
Odoo CRM,```
Odoo CRM,leads,CORE
Odoo CRM,sales team,USER
Odoo CRM,sales person,USER
Odoo CRM,quotas,CORE
Odoo CRM,segments,CORE
Odoo CRM,```
Odoo CRM,```
Odoo CRM,UTM,CORE
Odoo CRM,```
Odoo CRM,Odoo,PLATFORM
Odoo CRM,```
Odoo CRM,email address,CORE
Odoo CRM,phone number,CORE
Odoo CRM,```
Odoo CRM,```
Odoo CRM,opportunity,CORE
Odoo CRM,chat,CORE
Odoo CRM,team,USER
Odoo CRM,workflow,CORE
Odoo CRM,```
Odoo CRM,```
Odoo CRM,opportunity,CORE
Odoo CRM,pipeline,CORE
Odoo CRM,interface,CORE
Odoo CRM,stages,CORE
Odoo CRM,sales team,USER
Odoo CRM,opportunities,CORE
Odoo CRM,sales,CORE
Odoo CRM,```
Odoo CRM,pipeline,CORE  
Odoo CRM,stages,CORE
Odoo CRM,```
Odoo CRM,meetings,CORE
Odoo CRM,opportunity,CORE
Odoo CRM,customer,USER
Odoo CRM,mobile phones,HARDWARE
Odoo CRM,Google calendar,PLATFORM
Odoo CRM,```
Odoo CRM,```
Odoo CRM,```
Odoo CRM,```
Odoo CRM,website,CORE
Odoo CRM,```
Odoo CRM,```
Odoo CRM,chatter,CORE
Odoo CRM,VoIP,PLATFORM
Odoo CRM,Odoo,PLATFORM
Odoo CRM,```
Odoo CRM,```
Odoo CRM,address book,CORE
Odoo CRM,sales persons,USER
Odoo CRM,```
Odoo CRM,```
Odoo CRM,customer,USER
Odoo CRM,```
Odoo CRM,```
Odoo CRM,```
Odoo CRM,```
Odoo CRM,customer,USER
Odoo CRM,opportunities,CORE
Odoo CRM,orders,CORE
Odoo CRM,invoices,CORE
Odoo CRM,```
Odoo CRM,customers,USER
Odoo CRM,email,CORE  
Odoo CRM,opportunity,CORE  
Odoo CRM,leads,CORE  
Odoo CRM,emails,CORE
Odoo CRM,```
Odoo CRM,dial queue,CORE
Odoo CRM,customers,USER
Odoo CRM,opportunities,USER
Odoo CRM,browser,HARDWARE
Odoo CRM,customer,USER
Odoo CRM,email,CORE
Odoo CRM,auto pop-up,CORE
Odoo CRM,Asterisk v13.2,PLATFORM
Odoo CRM,VOIP server,CORE
Odoo CRM,```
Odoo CRM,I'm sorry, but there are no entities in the given sentence that match the specified categories (CORE, USER, HARDWARE, PLATFORM).
Odoo CRM,Salesperson,USER  
Odoo CRM,Teams,CORE
Odoo CRM,```
Odoo CRM,dashboards,CORE
Odoo CRM,reporting engine,CORE
Odoo CRM,filters,CORE
Odoo CRM,team,USER
Odoo CRM,```
Odoo CRM,```
Odoo CRM,opportunities,CORE
Odoo CRM,pipeline,CORE
Odoo CRM,filters,CORE
Odoo CRM,grouping,CORE
Odoo CRM,drill down,CORE
Odoo CRM,```
Odoo CRM,```
Odoo CRM,```
Odoo CRM,```
Odoo CRM,sources,CORE
Odoo CRM,leads,CORE
Odoo CRM,ROI,CORE
Odoo CRM,marketing,CORE
Odoo CRM,campaigns,CORE
Odoo CRM,```
Odoo CRM,Visualize,CORE  
Odoo CRM,sales,CORE  
Odoo CRM,teams,USER  
Odoo CRM,KPI's,CORE  
